{
  "web": {
    "client_id": "248445115385-4mh1lkt7g5l32imsphemabs5cq1rt2jk.apps.googleusercontent.com",
    "project_id": "testing-455316",
    "auth_uri": "https://accounts.google.com/o/oauth2/auth",
    "token_uri": "https://oauth2.googleapis.com/token",
    "auth_provider_x509_cert_url": "https://www.googleapis.com/oauth2/v1/certs",
    "client_secret": "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",
    "redirect_uris": [
      "http://localhost:8080",
      "https://developers.google.com/oauthplayground",
      "http://localhost:8080/"
    ]
  }
}
